image_id,cell_id,x,y,width,height,area,mean,std,min,max
0,1,27,9,163,51,5699,132.79996490612388,27.443777043293384,0.0,212.0
0,2,182,18,131,48,4645,139.3108719052745,30.989442630807208,0.0,206.0
0,3,28,46,162,47,5383,149.4542076908787,17.23935411057194,8.0,204.0
0,4,182,55,130,46,4164,137.23078770413065,16.175276827782913,4.0,175.0
0,5,29,83,160,47,5437,145.70774324075776,19.907282807429535,7.0,199.0
0,6,181,89,128,42,3854,136.99325376232485,14.248515473595932,7.0,187.0
0,7,28,117,158,44,4909,137.9348136076594,18.889937245561754,4.0,188.0
0,8,178,123,129,39,3781,138.39248875958742,14.603310942167326,8.0,190.0
0,9,28,151,155,41,4569,134.19719851170936,17.259793938209103,5.0,195.0
0,10,175,155,127,37,3545,139.961071932299,13.761648513021761,10.0,197.0
0,11,28,183,151,37,4183,125.43103036098493,27.004421647043447,4.0,188.0
0,12,171,184,127,36,3272,133.12744498777505,29.219617030152587,1.0,188.0
1,1,27,0,145,48,5047,139.97008123637804,37.492937006783414,3.0,235.0
1,2,165,4,132,48,4807,168.59704597462036,40.14195343577941,0.0,237.0
1,3,27,33,145,50,4961,161.50272122555936,23.222611875731634,7.0,212.0
1,4,162,42,136,46,4472,172.06462432915922,18.64029818327901,32.0,221.0
1,5,26,69,143,51,4945,166.69969666329627,20.528088968845594,7.0,222.0
1,6,162,78,135,43,4464,177.34363799283153,16.899746950178333,31.0,229.0
1,7,24,105,144,52,5093,176.06597290398585,25.82669602538661,5.0,229.0
1,8,159,113,137,45,4790,179.7918580375783,18.373868859925107,64.0,235.0
1,9,24,143,142,50,4719,161.7755880483153,28.48536185029324,67.0,237.0
1,10,159,150,135,43,4363,177.13752005500803,23.83906566043342,51.0,241.0
1,11,23,178,142,43,4112,167.909046692607,34.356833662674276,0.0,250.0
1,12,158,184,134,38,3813,158.34749541043797,37.43501255311836,3.0,227.0
2,1,25,8,144,46,5072,96.03194006309148,25.063518777761864,0.0,158.0
2,2,161,12,137,44,4605,113.74267100977198,26.173513002204434,0.0,162.0
2,3,24,45,146,42,4613,104.20507262085411,13.507246100718634,70.0,162.0
2,4,163,49,140,39,4166,136.6884301488238,19.880919996739294,11.0,174.0
2,5,24,79,146,43,4868,105.21672144617914,13.724908823047299,16.0,135.0
2,6,164,80,143,43,4544,141.49009683098592,17.073123301001115,34.0,200.0
2,7,24,114,147,43,4741,113.9706812908669,17.302456775929258,7.0,158.0
2,8,164,114,148,43,4755,153.73459516298632,21.496929862207548,10.0,205.0
2,9,24,148,149,41,4575,109.65530054644809,14.33328053589271,6.0,140.0
2,10,166,147,154,42,4734,165.50781580059146,22.63978878175929,21.0,201.0
2,11,25,179,148,36,3708,107.85167206040992,15.254072790124434,7.0,146.0
2,12,165,180,153,35,3759,144.73343974461292,54.21310385496063,0.0,209.0
3,1,0,16,146,49,5356,106.43073188946975,38.67288588405327,1.0,219.0
3,2,138,3,157,59,6133,148.88570030979943,34.63422076015279,0.0,236.0
3,3,0,55,148,43,4597,133.13878616489015,33.78028360213641,56.0,237.0
3,4,141,44,154,51,4968,153.98953301127213,12.715702945265255,28.0,227.0
3,5,4,88,146,42,4641,149.51475975005386,32.9303563397256,11.0,232.0
3,6,143,78,151,52,5010,168.98842315369262,21.528439754706767,24.0,243.0
3,7,10,123,140,41,4238,164.94360547428033,27.235516613382206,6.0,214.0
3,8,143,114,151,50,5169,182.69994196169472,19.901302270767818,3.0,220.0
3,9,16,154,137,40,3891,156.68568491390388,41.36708003195305,0.0,247.0
3,10,145,151,149,44,4518,185.48317839752102,22.315964294821526,7.0,249.0
3,11,22,185,133,31,2826,130.99716914366596,36.59086923990021,8.0,199.0
3,12,148,184,146,35,3372,147.70521945432978,30.199607733824447,0.0,230.0
4,1,16,18,141,40,4104,122.7166179337232,21.125584220077805,1.0,196.0
4,2,149,11,149,43,4602,107.73294219904389,18.99259208477844,0.0,124.0
4,3,17,50,139,37,3688,116.12418655097613,8.145589589544405,8.0,144.0
4,4,149,44,152,40,4348,113.69204231830727,4.756795474754148,54.0,124.0
4,5,19,77,138,41,4300,115.35279069767442,7.096147276198181,24.0,151.0
4,6,150,76,151,42,4731,113.51088564785458,7.09997736515687,16.0,145.0
4,7,21,111,136,42,4481,113.0821245257755,10.876554473644056,6.0,156.0
4,8,149,109,151,45,5134,114.64160498636541,5.346661089154738,35.0,149.0
4,9,24,146,134,42,4270,111.48922716627635,11.135265881025722,5.0,162.0
4,10,151,144,147,44,4913,114.1656828821494,7.283521913069118,15.0,153.0
4,11,26,178,133,41,3928,107.60616089613035,13.378762113475972,2.0,161.0
4,12,151,179,144,43,4588,109.81887532693985,14.185580966824107,0.0,164.0
5,1,26,12,149,49,5289,98.2261297031575,32.48311092757568,0.0,203.0
5,2,168,18,148,47,5201,138.29475100942128,41.99611582991418,0.0,240.0
5,3,26,49,150,46,4873,110.50625897804227,20.35266766998542,8.0,194.0
5,4,168,56,144,43,4564,127.37335670464505,24.973938213102983,5.0,223.0
5,5,27,85,148,44,4852,133.6098516075845,21.8933488541732,23.0,219.0
5,6,168,90,140,41,4303,131.56053915872647,21.880466573278607,4.0,225.0
5,7,27,120,147,44,4768,145.88947147651007,24.343902256410253,7.0,226.0
5,8,167,123,137,41,4252,140.70531514581373,24.624220765842605,13.0,227.0
5,9,27,154,147,40,4339,148.9421525697165,21.171336949980187,5.0,235.0
5,10,167,155,132,39,3766,148.7732342007435,25.20347541768717,2.0,234.0
5,11,28,186,146,35,3827,132.5670237784165,35.14219708246506,2.0,230.0
5,12,167,186,130,33,3005,135.891846921797,37.623592671894414,1.0,216.0
6,1,27,8,147,39,4281,101.69025928521374,35.45425603394969,0.0,201.0
6,2,168,10,131,40,3880,91.18530927835052,34.706247998913376,0.0,190.0
6,3,27,39,148,42,4810,91.28295218295219,24.42852828549478,36.0,174.0
6,4,166,42,134,42,4208,100.88189163498099,34.16481211591853,11.0,180.0
6,5,27,74,145,43,4936,97.44145056726094,28.77966047776001,20.0,186.0
6,6,164,75,139,45,4682,91.62174284493805,26.952016099821183,20.0,182.0
6,7,25,109,147,47,5130,102.81812865497076,29.514457137541914,12.0,200.0
6,8,164,111,140,45,4835,97.2746639089969,30.125237545837614,17.0,200.0
6,9,25,146,145,43,4610,95.44360086767895,26.72370009348781,19.0,203.0
6,10,162,148,140,42,4323,96.80430256766135,32.112255539144215,17.0,202.0
6,11,24,179,145,37,3853,103.34103296132884,31.240915140130582,6.0,209.0
6,12,162,179,138,37,3598,94.11450806003336,29.39103457644777,2.0,197.0
7,1,27,7,140,48,4751,73.47989896863818,25.749084051249696,0.0,188.0
7,2,159,11,136,46,4879,79.35642549702808,35.935765083633164,0.0,202.0
7,3,27,43,140,43,4242,96.85360678925035,23.34308456149088,12.0,151.0
7,4,160,49,135,41,4077,70.40986019131715,16.820468594924314,13.0,167.0
7,5,28,76,140,46,4625,117.22291891891892,19.081612321216717,9.0,172.0
7,6,162,81,131,42,4292,78.02236719478098,16.082251978275746,41.0,175.0
7,7,27,110,145,49,4827,141.16241972239487,24.16254544174715,6.0,197.0
7,8,162,116,131,43,4402,85.31644706951386,17.485037344763924,18.0,169.0
7,9,28,145,143,46,4583,146.35457124154485,25.862831668434392,7.0,226.0
7,10,164,152,129,40,3972,119.79305135951661,29.283710866438096,5.0,213.0
7,11,28,180,143,39,3955,153.91554993678886,31.16730999068326,2.0,233.0
7,12,164,183,130,34,3109,115.96719202315857,34.51335463245091,4.0,197.0
8,1,26,15,140,41,4190,87.99880668257757,35.64993211317303,2.0,212.0
8,2,158,19,142,40,4185,162.71135005973716,60.062864937774755,3.0,237.0
8,3,26,48,140,39,4084,89.94147894221352,21.253904483531965,13.0,178.0
8,4,159,49,139,42,4132,70.77516940948694,32.1539591520748,13.0,212.0
8,5,26,79,140,42,4462,120.28574630210667,22.995978608282375,4.0,167.0
8,6,159,81,137,39,4038,62.394006934125805,9.990264391255279,38.0,128.0
8,7,26,113,141,43,4647,125.67032494082204,22.89869221097482,11.0,188.0
8,8,159,113,137,43,4419,73.16904276985743,18.37356398737889,27.0,180.0
8,9,27,148,141,41,4537,118.30681066784219,17.305224007451145,6.0,170.0
8,10,161,146,134,43,4228,93.58751182592242,31.629389994212065,16.0,197.0
8,11,28,182,141,38,3997,135.24193144858643,31.559019976525146,2.0,213.0
8,12,162,179,134,38,3683,94.20282378495791,30.39445396947054,2.0,180.0
9,1,24,10,151,48,5010,149.30838323353294,36.70546998102303,0.0,216.0
9,2,166,20,146,42,4556,109.15364354697103,46.66338099496993,0.0,182.0
9,3,23,46,153,45,4937,141.12072108567955,11.572739810051354,65.0,186.0
9,4,168,52,144,43,4529,145.04261426363436,12.118688594825818,46.0,169.0
9,5,24,80,154,45,5044,123.31641554321966,23.09487637955053,14.0,178.0
9,6,171,85,139,39,3824,115.04994769874477,21.49803837011542,33.0,153.0
9,7,25,116,154,43,4921,105.22007722007721,29.257903634583293,4.0,165.0
9,8,171,115,135,42,3969,119.57117661879566,22.147619346838933,17.0,169.0
9,9,25,150,151,43,4919,88.53323846310225,21.46875789760662,11.0,156.0
9,10,169,145,135,47,4453,115.90253761509095,26.8877936508715,9.0,174.0
9,11,26,184,150,37,4019,74.82707141079871,24.40103489126524,4.0,168.0
9,12,168,178,133,41,3533,76.3897537503538,26.70455769993176,0.0,162.0
10,1,22,0,137,39,3088,64.02655440414507,24.753812592584637,0.0,119.0
10,2,153,0,137,28,1902,106.15089379600421,31.874686394453626,0.0,171.0
10,3,20,17,143,59,4913,85.36454304905354,16.63778278125041,32.0,115.0
10,4,155,12,138,41,3696,113.86742424242425,30.367130560421707,36.0,182.0
10,5,19,50,147,69,6448,101.14857320099256,23.77611424068451,37.0,180.0
10,6,153,41,142,73,5543,78.38156233086777,23.888338459488576,32.0,160.0
10,7,21,110,148,47,5269,81.59176314291138,25.872590587943346,23.0,180.0
10,8,158,80,143,77,8305,84.79385912101144,26.32502600564896,18.0,199.0
10,9,23,148,146,42,4567,78.5778410335012,26.11774587009611,16.0,177.0
10,10,161,144,141,47,4541,71.77604051970931,43.87378855811147,9.0,202.0
10,11,24,181,145,35,3470,68.24265129682998,42.940477829179905,3.0,189.0
10,12,162,179,142,36,3398,68.92760447321955,36.553307081485954,2.0,193.0
11,1,25,13,138,44,4627,67.08644910309056,20.30934005220552,0.0,156.0
11,2,155,17,141,42,4533,70.00551511140524,22.274825466762294,3.0,158.0
11,3,22,50,142,40,4391,71.95171942609883,6.346729531815492,16.0,109.0
11,4,157,52,138,40,4275,72.33543859649123,9.066318118334353,15.0,142.0
11,5,21,83,143,44,4891,94.66080556123492,12.895664196374257,11.0,142.0
11,6,157,84,139,44,4644,84.25968992248062,10.252988618663645,38.0,129.0
11,7,22,118,142,46,4801,127.78900229118933,24.001185745030593,15.0,217.0
11,8,158,119,138,45,4619,99.52911885689544,12.69863892342067,26.0,131.0
11,9,24,153,142,42,4173,174.64414090582315,33.49081138847935,44.0,225.0
11,10,159,152,136,44,4138,97.66529724504592,17.221900900719895,22.0,168.0
11,11,25,184,142,35,3277,183.43057674702473,32.555032893239016,2.0,236.0
11,12,161,185,133,33,2944,71.72758152173913,28.01946092177034,4.0,171.0
12,1,28,13,146,44,4946,98.98766680145572,35.33422605446957,1.0,217.0
12,2,167,15,131,43,4253,92.75358570420879,29.86281730630172,3.0,214.0
12,3,28,48,146,40,4415,94.27225368063421,25.85179798210046,5.0,216.0
12,4,167,51,131,39,3865,90.06106080206986,12.375283023937854,21.0,160.0
12,5,26,79,148,44,4729,105.59145696764644,25.95524840211429,20.0,216.0
12,6,167,82,130,41,4059,100.30327666913033,17.012376597119303,10.0,154.0
12,7,25,112,149,44,4683,115.82084134102071,22.202957433373484,6.0,221.0
12,8,166,116,130,40,4089,111.15798483736855,15.175696723480506,2.0,169.0
12,9,25,146,147,42,4538,118.18554429263993,24.935747187827527,13.0,236.0
12,10,164,148,130,40,3850,111.97194805194805,13.44940466397986,12.0,181.0
12,11,25,179,145,37,4062,115.09281142294437,27.937161367110686,4.0,239.0
12,12,162,179,133,37,3601,100.84948625381838,21.202992809228487,4.0,158.0
13,1,27,11,149,43,4717,124.63663345346619,44.40689437841433,0.0,237.0
13,2,169,17,146,43,4391,148.37827374174447,40.9824317258084,0.0,240.0
13,3,27,45,150,41,4574,142.67009182334937,27.992265658944227,40.0,232.0
13,4,170,49,143,42,4229,138.288011350201,27.71242554735213,36.0,233.0
13,5,28,78,150,42,4939,134.8659647701964,27.136548031243926,18.0,204.0
13,6,171,81,137,40,4134,143.9245283018868,30.00699181880909,9.0,240.0
13,7,29,113,150,42,4949,139.95312184279652,23.280507762474336,29.0,227.0
13,8,172,114,133,41,4250,144.32047058823528,26.35370057309208,27.0,227.0
13,9,29,147,149,41,4721,141.3488667655158,22.71871231164242,11.0,235.0
13,10,170,148,130,41,3967,147.1290647844719,23.43668115157611,6.0,241.0
13,11,29,180,148,39,4221,128.93721866856194,29.588604495294383,5.0,230.0
13,12,167,179,130,38,3470,140.8328530259366,29.695831001875387,2.0,229.0
14,1,26,13,146,47,5136,115.31834112149532,33.42771445237925,1.0,232.0
14,2,165,19,137,48,5059,134.769915002965,40.87011274811189,1.0,242.0
14,3,26,51,148,47,5021,137.22903804023102,22.92255783911601,16.0,221.0
14,4,166,56,135,47,4588,136.15932868352223,23.99992975656471,4.0,219.0
14,5,27,86,147,49,5051,163.10829538705207,18.142432154235873,9.0,218.0
14,6,167,93,132,44,4413,138.13256288239293,31.903283520174504,10.0,215.0
14,7,28,121,147,51,4992,175.5841346153846,22.99503788908251,15.0,244.0
14,8,167,129,130,43,4311,147.42217582927395,26.619711792229275,6.0,227.0
14,9,29,156,146,50,4714,186.44272380144253,15.027559433163638,54.0,240.0
14,10,168,164,127,42,3798,169.9670879410216,25.07002770436413,48.0,236.0
14,11,29,190,145,32,2808,177.57407407407408,45.63109457632842,1.0,242.0
14,12,167,193,128,27,1927,152.50700570835497,51.98552578595117,1.0,239.0
15,1,29,6,137,32,2589,144.29161838547702,35.62519380182946,0.0,203.0
15,2,159,7,132,27,2180,87.92798165137614,39.39773484104344,0.0,161.0
15,3,29,24,139,47,4214,128.8955861414333,20.122100341192354,61.0,190.0
15,4,161,23,131,38,3237,136.14426938523323,17.84496812275554,65.0,174.0
15,5,29,55,244,53,5224,120.85279479326186,20.516538911618312,51.0,184.0
15,6,161,50,132,53,5354,114.25887187149794,20.785109337886976,44.0,167.0
15,7,27,95,252,52,7234,100.16933923140725,19.578971610168782,10.0,169.0
15,8,165,94,128,51,3383,98.4342299733964,21.327985804372126,33.0,176.0
15,9,27,139,145,47,5297,85.38436851047763,19.110320429930454,14.0,177.0
15,10,164,135,131,51,4957,90.18438571716764,19.76286424581235,18.0,187.0
15,11,27,176,144,44,4629,83.2097645279758,21.619769036397077,8.0,197.0
15,12,163,175,132,43,4192,86.48687977099236,23.302827605775146,0.0,202.0
16,1,27,3,141,44,4554,158.90447957839262,56.26474031940091,0.0,244.0
16,2,161,4,132,44,4352,137.2428768382353,38.74420698865424,0.0,228.0
16,3,26,37,142,41,4291,135.36867862969004,37.79099247426728,50.0,229.0
16,4,160,39,134,41,4090,126.97897310513447,16.990923736219717,16.0,189.0
16,5,25,69,144,43,4603,126.32565718009994,37.98799460437367,54.0,190.0
16,6,161,72,132,41,4132,140.71006776379477,20.228634236493093,75.0,224.0
16,7,26,102,141,46,4695,140.65367412140574,33.437306026617314,0.0,210.0
16,8,159,106,134,45,4564,147.9421560035057,19.941713539962684,65.0,211.0
16,9,30,138,134,47,4665,150.95691318327974,28.466826331785537,0.0,233.0
16,10,156,142,136,46,4893,156.31657469854895,19.244087191754456,37.0,226.0
16,11,27,174,137,48,4716,144.49554707379136,26.95576004640763,11.0,213.0
16,12,156,179,135,44,4611,156.51181956191715,24.108840646495743,1.0,218.0
17,1,28,0,132,32,2798,108.12580414581844,29.621991358284163,0.0,166.0
17,2,153,0,136,29,2356,52.56918505942275,27.07241846623449,0.0,90.0
17,3,29,20,133,47,4303,87.30745991168952,13.802163054457614,29.0,149.0
17,4,154,16,138,44,4203,86.79490839876279,10.057687651943299,13.0,111.0
17,5,29,54,134,53,5209,79.56594355922442,10.411402981080006,24.0,130.0
17,6,154,49,139,52,5507,83.01616124931905,11.30354064747877,4.0,118.0
17,7,26,95,142,52,5409,77.2547605842115,11.194022748665647,4.0,122.0
17,8,157,91,138,54,5454,84.04767143381005,11.751722056452731,23.0,128.0
17,9,27,139,140,46,5138,76.14538731023745,9.19471046848728,11.0,134.0
17,10,160,132,136,54,5315,81.993979303857,12.258978757483415,21.0,146.0
17,11,28,178,141,41,4450,75.8047191011236,13.603496748906155,6.0,142.0
17,12,161,173,135,45,4312,80.89146567717997,15.047090630476438,6.0,151.0
18,1,27,13,140,43,4696,67.4559199318569,35.11934773108153,1.0,196.0
18,2,159,14,136,41,4375,59.7392,25.4281887550018,0.0,173.0
18,3,27,49,139,37,4061,63.5661167200197,25.373038066792486,25.0,201.0
18,4,159,48,136,39,3976,52.445422535211264,10.628822625056108,7.0,82.0
18,5,26,80,140,38,4234,58.487482286254135,19.248798872778504,18.0,174.0
18,6,160,79,134,39,4081,49.03896103896104,11.687392759760536,12.0,90.0
18,7,25,110,140,41,4266,61.74378809188936,24.893278824022154,21.0,211.0
18,8,156,111,139,40,4238,51.986550259556395,10.95572445743149,5.0,89.0
18,9,24,144,140,40,4337,56.8337560525709,25.868787665111054,19.0,224.0
18,10,157,143,138,41,4270,50.924590163934425,12.122479148683018,9.0,106.0
18,11,25,176,139,40,4301,51.71727505231342,27.335729087391705,7.0,224.0
18,12,156,175,140,41,4374,47.934385002286234,15.470270089080339,2.0,133.0
19,1,25,13,139,44,4685,98.89178228388474,33.12208951751023,0.0,220.0
19,2,156,10,136,45,4492,94.86420302760463,29.983110279188665,0.0,214.0
19,3,24,49,140,39,4159,97.14546766049531,25.759877508791636,19.0,221.0
19,4,157,43,137,45,4151,99.99397735485425,16.98417681164245,37.0,176.0
19,5,24,81,140,40,4345,101.78204833141542,19.271654983234598,12.0,203.0
19,6,157,74,138,47,4484,102.24152542372882,13.553849287228877,19.0,163.0
19,7,25,114,139,41,4438,110.52658855340243,20.527915256202164,15.0,201.0
19,8,157,110,138,45,4446,110.97323436797122,18.143761730104394,10.0,177.0
19,9,25,147,140,40,4229,117.4417119886498,20.51246316152098,25.0,222.0
19,10,158,144,138,43,4214,109.93640246796393,15.439372341095966,64.0,175.0
19,11,26,179,139,37,3821,112.75399110180581,21.66929688617981,8.0,225.0
19,12,158,176,140,39,3997,97.20115086314736,19.657680101342898,3.0,169.0
20,1,24,13,145,43,4681,97.36637470625935,36.36986489822265,1.0,238.0
20,2,159,11,133,45,4240,94.98985849056604,28.667525526129662,0.0,199.0
20,3,25,49,144,38,4163,94.9341820802306,27.66086948507197,30.0,233.0
20,4,161,42,132,43,3712,90.50026939655173,13.183837738444462,9.0,158.0
20,5,25,79,146,41,4567,105.35625136851324,25.224645945743553,19.0,221.0
20,6,163,73,131,46,4180,100.52966507177034,13.829457858951379,39.0,155.0
20,7,25,112,148,41,4746,117.03666245259166,23.6543608347572,19.0,246.0
20,8,165,108,130,45,4193,106.73360362508943,17.901321022747513,8.0,165.0
20,9,27,146,145,40,4541,117.87733979299713,24.29445132486236,23.0,235.0
20,10,166,141,130,45,4059,108.17270263611726,13.949632547204974,23.0,160.0
20,11,28,179,144,38,4078,116.84992643452672,23.76287836469035,5.0,232.0
20,12,165,174,133,41,3909,94.92453312867741,20.60781901293611,7.0,159.0
21,1,27,2,141,48,5306,135.81530343007915,42.163805184684094,0.0,238.0
21,2,161,0,134,51,5631,163.67146155212217,46.14175613652682,0.0,246.0
21,3,26,42,143,46,5157,146.98138452588714,24.844258786895843,11.0,210.0
21,4,162,44,135,48,4980,160.21947791164658,28.60873399456188,33.0,225.0
21,5,27,80,143,50,5336,157.1551724137931,27.763712785017677,16.0,237.0
21,6,162,83,137,47,5033,161.89191337174648,30.00690430145787,25.0,238.0
21,7,28,119,142,52,5246,160.91555470834922,32.28951190786493,2.0,226.0
21,8,162,122,137,48,5062,172.50572896088502,22.17767650178454,66.0,230.0
21,9,29,156,142,49,4914,155.80809930809932,37.44496446502036,1.0,237.0
21,10,164,158,135,49,4477,172.8780433325888,28.903671905914663,38.0,241.0
21,11,30,193,142,31,2851,129.51806383725008,42.3833030486128,3.0,197.0
21,12,165,192,131,30,2137,135.6326626111371,52.782620046872566,0.0,233.0
22,1,23,11,151,53,6255,101.6951239008793,36.28856635589374,0.0,210.0
22,2,166,17,141,50,5355,166.29598506069095,38.65819926529021,2.0,244.0
22,3,23,56,152,43,5051,132.674717877648,18.667407342910593,8.0,180.0
22,4,166,58,141,45,4781,152.8174022171094,20.282689429942753,8.0,194.0
22,5,24,92,149,44,5016,156.8488835725678,26.58281818838109,22.0,234.0
22,6,166,95,137,39,3988,183.7670511534604,26.29542728534274,63.0,240.0
22,7,26,126,145,44,4740,175.67341772151897,21.55126578870835,43.0,222.0
22,8,164,123,138,48,4533,197.12750937568939,20.19040349933314,75.0,246.0
22,9,27,160,143,39,4027,179.53662776260242,24.07012841775951,50.0,243.0
22,10,164,153,136,45,3386,172.52658003544005,25.19490537549871,23.0,245.0
22,11,29,191,142,31,2773,170.96501983411468,47.72653048187105,2.0,248.0
22,12,163,183,135,32,2589,132.0421011973735,50.179163019140354,0.0,231.0
23,1,27,5,146,49,5149,228.38221013789087,30.893793126896153,0.0,251.0
23,2,164,9,134,49,4916,143.16293734743695,64.50847593684261,0.0,246.0
23,3,27,42,147,48,5291,203.74938574938574,23.812653476726656,75.0,238.0
23,4,167,48,134,45,4386,146.20018239854082,30.179151353829006,10.0,196.0
23,5,27,80,147,48,5263,182.48907467224018,17.493817597952102,39.0,213.0
23,6,167,85,135,43,4587,157.91868323523,17.705969187093785,34.0,187.0
23,7,27,116,143,47,4716,140.89885496183206,29.191402647196835,7.0,198.0
23,8,163,121,138,43,4589,157.21704074961866,30.978844127648724,25.0,214.0
23,9,27,152,143,42,4285,95.4487747957993,26.29375391605944,14.0,179.0
23,10,162,154,138,42,3988,180.50626880641926,29.744662473407406,7.0,233.0
23,11,26,183,144,32,3122,76.60153747597694,24.129630115813665,8.0,144.0
23,12,162,185,135,30,2721,139.92319000367513,41.01699142681899,4.0,203.0
24,1,0,15,146,49,5158,102.4257464133385,39.566032537558605,0.0,218.0
24,2,138,4,154,56,5933,148.49182538344851,32.63545293683281,0.0,238.0
24,3,3,53,145,43,4450,131.6732584269663,35.04154490255723,17.0,236.0
24,4,141,45,151,48,4817,155.0240813784513,14.101100054409494,14.0,224.0
24,5,9,86,141,43,4519,148.85793317105555,31.252325580546483,15.0,223.0
24,6,142,79,150,50,4951,170.40658452837812,23.34046543820887,27.0,247.0
24,7,13,122,137,42,4240,163.3495283018868,29.23485738925288,5.0,216.0
24,8,143,113,149,51,5132,183.8776305533905,21.31167018433549,2.0,213.0
24,9,18,154,134,40,3877,155.4070157338148,39.95641076473095,1.0,248.0
24,10,144,150,149,45,4651,186.85486992044721,22.6688510667283,31.0,249.0
24,11,23,185,131,31,2797,131.19234894529853,35.16191932626804,10.0,194.0
24,12,147,185,146,34,3402,150.1255144032922,29.889456365208446,1.0,217.0
25,1,20,19,140,34,3452,119.46929316338354,23.052723998291434,5.0,195.0
25,2,152,15,146,38,3917,97.45468470768445,18.18874748959192,0.0,124.0
25,3,21,46,139,36,3671,108.69109234540997,9.275376357341717,14.0,155.0
25,4,153,42,147,37,3752,105.4389658848614,5.519205255211658,21.0,120.0
25,5,22,72,143,42,4474,108.15176575771122,8.514416907387231,29.0,153.0
25,6,156,70,148,44,4637,103.9991373733017,8.75928290419902,21.0,146.0
25,7,23,106,145,43,4692,103.9737851662404,11.609222011622583,7.0,156.0
25,8,159,103,148,44,4734,104.15800591465991,7.916278912201465,35.0,148.0
25,9,25,141,145,42,4699,101.79506277931475,11.557968901498295,3.0,165.0
25,10,162,136,148,46,4845,103.015479876161,9.944716526499016,6.0,154.0
25,11,26,175,145,40,4345,99.07387802071347,12.482210910680964,8.0,161.0
25,12,163,171,151,43,4643,95.37475769976308,25.48332670667799,0.0,145.0
26,1,28,4,141,41,4280,128.23481308411215,49.491208066682326,0.0,231.0
26,2,162,3,130,42,3971,134.85922941324603,41.50553239207195,0.0,214.0
26,3,29,37,141,41,4316,147.92562557924003,24.760582621647327,8.0,230.0
26,4,159,33,138,44,4088,137.345156555773,26.024168279935072,18.0,217.0
26,5,29,70,137,42,4522,131.07894736842104,29.84676631537535,12.0,194.0
26,6,159,64,142,48,4795,147.83190823774765,30.704893986318847,33.0,219.0
26,7,29,104,136,46,4660,132.43476394849785,26.24627162666162,6.0,205.0
26,8,155,101,146,49,5271,150.20508442420794,28.52833551888665,52.0,220.0
26,9,28,140,135,46,4602,133.6877444589309,24.54972288429489,6.0,220.0
26,10,155,139,144,49,5073,144.7851369998029,27.542372063535453,50.0,237.0
26,11,27,175,136,44,4188,118.50095510983763,27.71647882949278,1.0,190.0
26,12,155,177,140,44,4499,134.05823516336963,28.033823371222308,1.0,213.0
27,1,29,3,133,43,4294,151.97158826269214,33.1062935554272,0.0,215.0
27,2,154,3,137,43,3821,103.34519759225334,45.52794116748489,0.0,199.0
27,3,31,35,133,48,4659,143.24490233955785,18.74978180558778,6.0,201.0
27,4,157,28,136,48,4021,135.98930614275056,17.040354258536947,70.0,174.0
27,5,30,71,253,48,5647,117.93164512130335,21.01106328621563,4.0,178.0
27,6,158,56,137,57,4108,119.74513145082766,16.147522748176467,44.0,167.0
27,7,29,106,251,49,6725,110.09576208178439,22.041185947013602,1.0,177.0
27,8,160,104,135,48,2659,116.38661150808575,17.839581888999223,31.0,178.0
27,9,27,147,141,45,5055,93.37448071216618,22.90159617626566,7.0,184.0
27,10,160,141,136,50,4896,110.65114379084967,18.68033984516765,22.0,187.0
27,11,27,183,142,39,3886,75.58466289243438,27.468203888976042,0.0,191.0
27,12,161,177,135,42,3809,87.56392754003676,24.682316985296733,1.0,194.0
28,1,10,20,136,43,4385,115.46590649942988,27.080298489003315,0.0,183.0
28,2,139,8,155,51,5243,122.59889376311273,22.11371730735677,0.0,173.0
28,3,12,53,134,42,3931,125.47748664461969,13.7052851261372,6.0,178.0
28,4,140,44,156,46,4664,128.14493996569468,11.655485724172062,9.0,162.0
28,5,15,84,131,42,4015,122.96662515566625,12.524680767846066,20.0,166.0
28,6,139,77,156,47,5126,129.98888021849396,15.048007233117428,7.0,178.0
28,7,18,118,128,41,4006,120.57888167748378,14.453003472752773,5.0,175.0
28,8,139,113,155,45,5171,131.98839682846645,15.085685158287426,22.0,176.0
28,9,21,152,127,37,3681,121.83808747622929,11.84475211698431,8.0,173.0
28,10,140,148,154,42,4722,136.34921643371453,13.370610285993225,21.0,187.0
28,11,24,182,127,36,3311,113.59589247961341,16.92398932639525,4.0,174.0
28,12,143,180,151,40,4383,129.47958019621265,20.321384952445552,0.0,190.0
29,1,10,18,144,39,3794,145.764364786505,34.96815835310892,3.0,210.0
29,2,146,7,148,45,3965,109.59571248423707,37.79142642186587,0.0,179.0
29,3,13,45,142,43,3967,126.08570708343836,23.901153788159498,13.0,178.0
29,4,149,34,147,46,4046,127.81018289668809,21.259339609426522,13.0,177.0
29,5,15,73,144,47,4588,138.41979075850043,19.385196689672295,46.0,190.0
29,6,151,66,143,49,4891,114.67470864853813,27.738230253488556,8.0,191.0
29,7,17,108,144,45,4770,149.16498951781972,22.844525803172147,19.0,201.0
29,8,153,103,141,49,5025,148.50666666666666,25.57942280385625,34.0,199.0
29,9,19,145,143,41,4555,148.26147091108672,22.85696269913906,13.0,210.0
29,10,155,140,138,48,4758,153.10109289617486,24.87014773760541,27.0,212.0
29,11,23,179,140,37,3854,131.54903995848468,26.669167242985186,7.0,218.0
29,12,156,176,137,42,4110,128.12627737226276,34.879073202364644,0.0,220.0
30,1,24,14,148,49,5321,102.17534298064274,32.27852093770372,1.0,236.0
30,2,164,20,143,46,5201,128.78350317246682,43.91648885752153,1.0,243.0
30,3,25,54,148,44,4752,116.31734006734007,17.579015047184395,14.0,164.0
30,4,165,58,140,44,4615,124.65308775731312,24.363203314244075,4.0,186.0
30,5,26,87,149,47,4923,144.4722730042657,23.749235703045052,5.0,213.0
30,6,167,93,135,43,4326,133.67521960240407,32.204518235931666,22.0,208.0
30,7,26,121,151,49,4935,154.416210739615,21.944893233634776,4.0,236.0
30,8,168,127,132,42,4239,137.1663128096249,28.386107752648005,6.0,228.0
30,9,28,156,148,45,4552,172.3097539543058,23.383311830693437,2.0,241.0
30,10,169,160,129,41,3661,165.86834198306474,27.327150611928307,8.0,230.0
30,11,29,190,146,31,2989,170.63466042154568,48.74869515262347,0.0,246.0
30,12,168,190,129,28,2207,147.57453556864522,53.07897139028704,0.0,238.0
31,1,25,13,147,48,5192,115.2058936825886,32.32733230018574,0.0,233.0
31,2,164,19,138,48,5065,133.5674234945706,41.448585463145506,1.0,247.0
31,3,25,52,148,47,4987,136.3555243633447,22.42988610127345,14.0,222.0
31,4,165,57,136,46,4639,135.30782496227636,23.792949053249853,14.0,221.0
31,5,27,87,147,49,5048,161.97523771790807,16.60555432296577,46.0,219.0
31,6,166,94,133,44,4437,137.3065134099617,31.22932091735038,16.0,218.0
31,7,28,122,146,50,4943,175.14525591745902,22.680515139519745,5.0,245.0
31,8,167,130,130,43,4272,147.3249063670412,26.665693875467532,7.0,226.0
31,9,29,157,146,49,4673,185.89514230686925,16.630927926351468,23.0,239.0
31,10,168,163,128,44,3774,168.48834128245892,25.344729678453497,28.0,228.0
31,11,30,191,145,31,2805,177.70267379679143,45.770356136610964,0.0,240.0
31,12,168,193,128,27,1892,152.69503171247356,51.73523337899542,1.0,238.0
32,1,2,20,142,48,4981,68.70146556916282,21.74707728103445,1.0,151.0
32,2,135,11,159,53,6139,79.49584622902753,33.47994088185964,0.0,191.0
32,3,7,57,140,42,4103,88.38094077504265,17.84025842743436,7.0,123.0
32,4,139,51,153,47,5141,70.050962847695,12.909246219528466,8.0,164.0
32,5,13,90,136,41,4225,110.63550295857988,23.945029129514644,10.0,194.0
32,6,142,89,147,43,4798,83.87849103793248,18.92853191897271,6.0,192.0
32,7,16,123,139,43,4310,124.10069605568445,18.53593924242937,4.0,197.0
32,8,145,124,143,43,4837,93.84473847426091,20.214471297144183,23.0,179.0
32,9,21,156,138,40,3970,148.22216624685137,27.07797328311291,7.0,219.0
32,10,149,160,141,38,3898,124.34735761929194,28.4670138371481,5.0,222.0
32,11,26,187,135,33,3040,150.44210526315788,42.424847681883605,0.0,228.0
32,12,154,188,139,29,2666,118.99099774943735,36.82773397152089,2.0,210.0
33,1,26,17,145,36,3830,91.00522193211488,44.39782736304899,5.0,228.0
33,2,164,21,156,40,4150,191.29156626506025,48.12632274463018,13.0,239.0
33,3,26,45,145,39,4288,98.93983208955224,26.961425927267044,9.0,200.0
33,4,164,46,155,42,4292,124.76025163094128,66.14321970037318,35.0,222.0
33,5,26,77,145,42,4869,103.23064284247279,26.6092650377038,16.0,149.0
33,6,164,77,151,41,4539,54.15311742674598,9.173591888928561,35.0,99.0
33,7,25,112,147,43,4902,116.96226030191758,20.33662054223154,12.0,164.0
33,8,163,110,148,45,4882,61.01126587464154,11.403787547004962,9.0,136.0
33,9,26,148,148,41,4837,112.21397560471367,20.62090530581546,27.0,183.0
33,10,167,143,140,46,4484,73.14161462979483,19.9818777994035,5.0,161.0
33,11,28,181,147,38,3953,121.30255502150266,29.73086182318595,5.0,209.0
33,12,168,177,132,39,3670,84.04686648501362,28.8404798914966,0.0,184.0
34,1,26,3,144,47,5020,98.68266932270916,19.194088836440518,0.0,134.0
34,2,162,5,130,46,4593,99.90703244067059,19.818374646357256,0.0,137.0
34,3,27,42,143,43,4727,104.28453564628728,9.140955982598747,19.0,123.0
34,4,163,44,130,41,4198,106.28108623153882,8.988430420872605,28.0,124.0
34,5,28,77,145,43,4827,104.90615288999379,8.113454966505259,11.0,123.0
34,6,165,77,128,41,4005,104.99026217228464,8.009055739528922,34.0,122.0
34,7,29,112,145,42,4779,104.91671897886587,6.349829083506455,22.0,124.0
34,8,166,110,129,44,4149,104.44854181730537,8.495561395909572,23.0,127.0
34,9,28,147,146,43,4887,103.59852670349908,9.72170893383894,2.0,129.0
34,10,167,143,129,45,4100,102.9690243902439,9.808322326119981,18.0,133.0
34,11,29,182,144,39,4174,99.31792045999042,12.367216345696132,6.0,144.0
34,12,165,176,132,42,3874,94.87119256582343,18.46379988847693,2.0,132.0
35,1,28,0,143,44,4804,172.53601165695255,26.643375084311195,1.0,231.0
35,2,163,2,129,44,4395,150.71399317406144,38.4270343824055,0.0,210.0
35,3,28,35,143,43,4771,175.22615803814713,15.976868205109449,22.0,231.0
35,4,165,38,127,41,3983,162.68089379864423,13.995905358835365,12.0,207.0
35,5,27,69,146,45,4962,167.78174123337365,21.680090526168065,26.0,217.0
35,6,164,70,129,44,4225,161.8414201183432,15.067546153760073,31.0,201.0
35,7,27,105,146,47,5195,161.89701636188644,23.80288763612152,19.0,202.0
35,8,166,106,128,46,4477,157.36899709626982,16.2230682086777,12.0,203.0
35,9,28,143,144,44,4804,155.0736885928393,18.589813460491335,14.0,206.0
35,10,165,142,130,45,4253,147.91841053374088,16.766698941126347,8.0,207.0
35,11,28,178,144,41,4374,132.15935070873343,26.283190668095763,4.0,206.0
35,12,164,177,132,39,3714,127.27329025309639,25.904008680038412,6.0,207.0
36,1,28,6,141,45,4953,174.82313749242883,25.96051867489258,1.0,237.0
36,2,161,4,131,48,4670,160.52655246252678,38.39569760731795,0.0,219.0
36,3,28,43,141,42,4611,181.36196052916938,14.891386484424498,20.0,231.0
36,4,162,42,130,43,4116,178.8112244897959,17.15617624189881,20.0,229.0
36,5,27,77,145,43,4829,171.49099192379376,12.972140354531042,58.0,214.0
36,6,164,75,128,43,4048,177.33275691699606,18.25844311999813,71.0,228.0
36,7,27,113,143,43,4828,167.97866611433307,9.911004179928078,60.0,212.0
36,8,162,110,131,45,4445,179.8416197975253,15.43852062491877,85.0,221.0
36,9,28,148,141,43,4563,170.48082401928556,12.782208351457061,8.0,223.0
36,10,162,145,134,44,4354,171.63344051446944,15.634879759806417,48.0,214.0
36,11,29,182,140,39,4112,162.69017509727627,29.573431668809253,3.0,207.0
36,12,162,179,134,40,3881,165.96469981963412,36.358383057003316,0.0,215.0
37,1,25,16,152,44,4921,129.53891485470433,31.810436027140625,9.0,234.0
37,2,169,14,130,42,4053,80.45275104860598,24.982067103017148,0.0,178.0
37,3,25,50,152,41,4408,144.22050816696915,31.976006438633714,39.0,229.0
37,4,170,47,132,39,3834,75.66145018257694,12.459036294088266,15.0,122.0
37,5,23,80,156,40,4622,161.5664214625703,26.59863670977283,61.0,234.0
37,6,171,78,131,41,4078,88.54242275625306,16.41862960041601,11.0,149.0
37,7,20,113,157,39,4686,172.9131455399061,18.433773967114444,105.0,245.0
37,8,167,111,133,41,4004,123.46128871128872,23.238840466583763,5.0,177.0
37,9,16,143,157,42,4675,117.72748663101605,27.816906404527995,33.0,227.0
37,10,162,142,137,43,4172,82.22962607861936,10.978100948499538,27.0,134.0
37,11,16,174,151,41,4419,102.81307988232632,18.640278142235818,7.0,198.0
37,12,158,175,138,40,4035,69.9920693928129,11.231149662044581,4.0,110.0
38,1,25,16,146,42,4695,54.14909478168264,32.20835270141304,4.0,175.0
38,2,164,17,133,40,4153,45.60871659041656,17.943708730094542,2.0,119.0
38,3,25,50,146,37,4147,39.55196527610321,18.253562973978433,9.0,119.0
38,4,164,49,134,40,3939,46.737496826605735,13.439988867791692,13.0,99.0
38,5,26,80,145,40,4383,40.98859228838695,16.18357660910427,1.0,135.0
38,6,164,81,134,39,4011,50.55272999252057,13.684404493954842,20.0,95.0
38,7,25,112,144,40,4343,53.72208151047663,19.84141334978558,12.0,187.0
38,8,161,113,137,40,4168,60.661708253358924,9.6986381377379,8.0,99.0
38,9,25,144,144,41,4533,59.22148687403485,20.897782739934488,17.0,210.0
38,10,162,145,135,40,4075,57.01938650306749,10.476587610819651,22.0,103.0
38,11,24,176,144,39,4236,73.32058545797922,22.489115219144537,11.0,213.0
38,12,160,176,136,39,3970,68.11209068010075,16.593412547199275,3.0,165.0
39,1,24,13,143,46,4971,171.94327097163549,25.732472272060214,0.0,229.0
39,2,159,6,135,50,4519,173.23301615401638,38.71743757166107,0.0,235.0
39,3,23,50,143,41,4221,177.14641080312722,14.438503747206857,77.0,239.0
39,4,159,39,136,48,4021,181.54488933101217,12.702683045210014,23.0,230.0
39,5,21,80,145,42,4478,178.64515408664582,10.804664082332275,95.0,229.0
39,6,160,71,136,47,4031,186.16050607789631,8.854808242814656,73.0,225.0
39,7,20,114,140,38,3845,153.38491547464238,23.73330540529481,71.0,200.0
39,8,146,102,151,49,4655,187.5394199785177,10.791775087788965,80.0,242.0
39,9,19,144,137,39,4077,110.30193769928869,14.210817792552657,12.0,166.0
39,10,148,136,149,46,4641,151.10407239819006,33.05777308518169,36.0,243.0
39,11,20,176,136,39,3972,115.06017119838872,15.341830303793254,8.0,199.0
39,12,148,172,150,41,4682,101.02370781717215,19.795399258115193,0.0,170.0
40,1,25,13,139,42,4562,110.58022797018852,27.612609248566304,0.0,214.0
40,2,157,13,139,41,4530,90.05496688741722,25.81523461959405,0.0,188.0
40,3,24,48,139,38,4085,107.81982864137088,22.202293451064016,38.0,217.0
40,4,156,46,140,40,4143,93.57398020757905,20.666863704648705,46.0,196.0
40,5,24,79,138,41,4454,104.5035922766053,16.317168476655155,8.0,158.0
40,6,156,77,139,43,4478,101.50111656989728,18.250132271248813,30.0,185.0
40,7,24,112,138,42,4454,93.31814099685676,17.133068269745362,1.0,136.0
40,8,155,111,140,43,4459,103.55685131195335,23.299354280503355,25.0,245.0
40,9,24,146,138,42,4320,111.25763888888889,13.731791377134824,9.0,145.0
40,10,155,144,140,44,4332,99.75346260387812,23.97840045498696,48.0,236.0
40,11,26,179,136,37,3741,82.65356856455493,22.763776667405228,10.0,174.0
40,12,155,176,141,40,4029,93.17969719533383,26.572789737586255,3.0,221.0
41,1,27,12,144,44,4991,160.71288318974155,41.13982481314622,0.0,216.0
41,2,163,14,130,42,4359,124.38586831842166,26.963167120402364,1.0,167.0
41,3,26,48,145,41,4519,178.27284797521577,32.675646110488735,14.0,219.0
41,4,163,50,130,38,3798,150.96761453396525,24.53703510577237,7.0,218.0
41,5,27,81,144,43,4738,197.0966652596032,32.884045251527304,64.0,236.0
41,6,164,80,130,44,4187,153.87508956293289,17.78770914341345,32.0,189.0
41,7,28,116,143,45,4828,203.03500414250206,32.8921975859618,2.0,240.0
41,8,164,113,132,48,4381,179.77516548733166,22.982996096357255,39.0,213.0
41,9,28,150,143,45,4585,176.00436205016356,28.353970381069306,4.0,227.0
41,10,164,146,133,50,4159,200.02163981726378,32.097269111238134,33.0,243.0
41,11,28,183,144,37,3521,185.90854870775348,46.96589296059305,2.0,253.0
41,12,165,179,131,41,3452,167.223348783314,47.4497318878075,0.0,254.0
42,1,26,13,143,44,4743,219.1056293485136,43.01533707941557,0.0,251.0
42,2,161,14,134,43,4563,180.7008547008547,49.0112687393195,0.0,237.0
42,3,26,47,142,41,4336,228.99331180811808,23.31479190747268,8.0,251.0
42,4,162,50,134,40,4101,214.128992928554,32.62934519638109,37.0,251.0
42,5,26,80,142,42,4559,223.65913577538933,25.950271749239718,7.0,248.0
42,6,162,82,133,40,4043,215.32005936186002,22.636650981191156,83.0,241.0
42,7,26,113,142,43,4385,224.12770809578106,25.334057657930796,3.0,251.0
42,8,161,114,135,42,4153,206.83578136287022,25.615138581667384,33.0,242.0
42,9,26,146,140,41,4257,188.32511158092552,31.296613984277947,28.0,240.0
42,10,159,145,137,43,4121,191.41446250909974,28.25833309798965,19.0,248.0
42,11,26,177,139,39,3909,144.24891276541314,21.384496766090233,14.0,180.0
42,12,157,177,139,39,3924,158.16615698267074,41.86288253525886,4.0,237.0
43,1,25,15,141,42,4607,79.9591925331018,30.94281585239518,1.0,209.0
43,2,158,11,135,44,4482,73.24810352521196,24.752528431241,1.0,176.0
43,3,25,50,139,38,4072,74.8320235756385,20.352970174468968,14.0,203.0
43,4,157,47,137,40,4090,72.03105134474328,10.519989779379252,9.0,134.0
43,5,25,81,138,39,4281,77.0042046250876,11.897403864477912,13.0,160.0
43,6,156,78,139,42,4411,70.2650192700068,9.746238338388055,6.0,135.0
43,7,25,113,138,41,4315,75.70706836616455,14.172744348476916,4.0,144.0
43,8,156,112,139,42,4435,69.18647125140924,14.344393357897957,4.0,188.0
43,9,26,146,137,41,4261,98.52734099976531,21.41495607660346,17.0,198.0
43,10,156,145,139,42,4227,76.48261178140525,13.124357178629491,8.0,169.0
43,11,27,178,136,38,3789,110.35048825547638,21.867414918236562,28.0,217.0
43,12,156,177,139,39,4004,94.10614385614386,15.85152047955561,7.0,152.0
44,1,27,13,141,44,4713,127.74474856779122,37.13474907561345,0.0,238.0
44,2,160,12,133,44,4503,114.1916500111037,33.255642103910354,0.0,231.0
44,3,27,47,140,40,4144,118.566361003861,25.832274522929207,61.0,238.0
44,4,160,48,134,39,3866,113.85799275737196,16.048531528052024,6.0,203.0
44,5,26,79,141,42,4433,131.2761109857884,21.08878270981238,44.0,229.0
44,6,160,78,133,42,4175,125.82850299401197,16.867906728450084,81.0,213.0
44,7,25,111,142,44,4510,138.95410199556542,18.248454656883133,17.0,233.0
44,8,160,111,133,43,4280,127.63785046728972,18.908724857941664,49.0,208.0
44,9,25,145,141,42,4352,127.79848345588235,23.24065014992632,27.0,228.0
44,10,160,145,133,43,4096,123.7333984375,22.75622806605639,55.0,226.0
44,11,26,177,140,38,3945,109.2765525982256,27.13823824300647,12.0,216.0
44,12,158,177,136,39,3837,108.16210581183216,23.673519823534875,9.0,179.0
45,1,22,15,144,44,4876,93.69401148482362,32.30644218975019,0.0,211.0
45,2,158,11,135,46,4461,91.73301950235373,27.330775926802886,0.0,199.0
45,3,22,51,144,39,4130,90.60702179176755,25.792950950466704,20.0,217.0
45,4,159,45,136,43,3921,88.27339964294822,13.34771204660376,18.0,165.0
45,5,23,81,144,41,4435,102.20045095828635,24.16864273789753,5.0,219.0
45,6,160,75,136,46,4331,95.51743246363426,15.466556481480515,28.0,161.0
45,7,25,114,143,41,4538,110.78029969149405,21.549874295435153,13.0,210.0
45,8,161,110,135,44,4306,108.74918718067812,16.219645429325098,26.0,158.0
45,9,26,148,143,39,4398,115.0050022737608,23.817031682592553,29.0,235.0
45,10,162,143,135,44,4162,112.62998558385392,13.577461907155309,13.0,161.0
45,11,27,180,141,37,3929,115.22804784932553,26.848678402750007,2.0,235.0
45,12,160,176,139,39,3961,100.64251451653622,20.848098751419904,10.0,166.0
46,1,26,13,146,43,4811,102.1163999168572,36.73760179413461,1.0,231.0
46,2,164,13,129,43,4223,96.54274212645039,26.407013125015567,0.0,205.0
46,3,27,49,144,37,4225,100.39502958579881,28.581798716990033,45.0,226.0
46,4,165,46,130,41,3765,94.36972111553784,12.682069493659581,24.0,167.0
46,5,27,80,147,40,4624,110.39251730103807,27.895979626163587,70.0,222.0
46,6,165,76,130,44,4096,105.6943359375,15.137982778623313,16.0,164.0
46,7,27,112,147,42,4703,120.40569849032532,22.984597303878218,49.0,223.0
46,8,167,111,128,43,4043,108.37125896611427,17.016205776797122,10.0,168.0
46,9,27,146,147,41,4563,121.81087004163928,23.942035803652775,50.0,248.0
46,10,166,143,130,44,3982,108.58186840783526,14.656238490652655,14.0,163.0
46,11,27,178,146,38,4104,122.12280701754386,24.0022238718648,7.0,245.0
46,12,165,176,132,39,3793,95.06406538360137,20.70483202308298,6.0,155.0
47,1,28,11,144,45,4933,99.08858706669369,34.80163091847595,1.0,217.0
47,2,165,14,131,43,4349,92.20188549091745,30.595953668763467,0.0,207.0
47,3,29,47,143,40,4337,93.62808392898317,25.51160224409622,70.0,208.0
47,4,165,49,131,39,3838,88.87519541427827,12.495869235172574,33.0,169.0
47,5,27,79,145,42,4635,103.86752966558792,26.305969409689734,51.0,219.0
47,6,166,81,130,41,4166,99.75540086413827,17.417797839692224,34.0,157.0
47,7,26,112,146,43,4652,113.11027515047292,22.42029173975159,13.0,223.0
47,8,165,114,130,42,4161,109.7551069454458,14.632512399604781,4.0,157.0
47,9,27,146,144,42,4515,115.39401993355482,22.979224275243965,72.0,231.0
47,10,163,147,131,41,3888,112.40354938271605,14.141424780031528,7.0,166.0
47,11,27,179,143,37,4037,115.22095615556105,26.329757077883222,9.0,232.0
47,12,162,179,132,38,3668,102.22437295528898,21.576942165697716,5.0,166.0
48,1,27,11,143,45,4962,101.18178153970173,34.432076946122464,0.0,223.0
48,2,162,11,133,45,4596,96.58920800696258,29.90817257752707,0.0,218.0
48,3,27,48,143,40,4410,102.28979591836735,25.375107165826343,66.0,213.0
48,4,163,48,132,40,3904,94.1639344262295,13.465034047388794,18.0,171.0
48,5,26,81,144,41,4541,106.44571680246642,21.779448769956197,7.0,214.0
48,6,163,78,132,44,4205,107.35291319857313,17.527490056608187,13.0,174.0
48,7,25,113,144,43,4552,121.34863796133568,21.938611184638734,18.0,198.0
48,8,162,112,133,44,4307,119.42140701184118,13.939953372959508,17.0,187.0
48,9,25,147,143,41,4354,124.87965089572806,21.63411947936716,26.0,229.0
48,10,161,146,134,42,4037,118.52415159772109,15.573257688128793,16.0,191.0
48,11,25,179,142,37,3940,124.89619289340102,28.6792189523902,10.0,238.0
48,12,160,178,135,39,3849,107.52818914003637,17.808463862987782,3.0,176.0
49,1,24,16,140,44,4678,88.38200085506627,29.481439456707392,2.0,204.0
49,2,156,12,137,45,4436,86.09490532010821,26.73439578778647,0.0,189.0
49,3,24,51,140,40,4078,87.93575282000981,22.569293696513864,5.0,203.0
49,4,158,45,137,43,4025,83.38757763975156,16.013917695888164,7.0,155.0
49,5,25,82,142,40,4292,104.34133271202236,19.263821411445374,7.0,197.0
49,6,159,76,138,46,4420,109.61289592760181,16.082048287888124,7.0,151.0
49,7,26,114,142,41,4399,96.05592180040918,18.026982398435994,24.0,174.0
49,8,161,111,136,43,4337,96.10560295134886,13.989567853469767,4.0,155.0
49,9,26,147,143,40,4315,93.6412514484357,19.029066363964535,9.0,201.0
49,10,162,144,136,44,4189,99.05633802816901,15.142678665614383,9.0,165.0
49,11,27,178,141,38,3974,102.04705586311022,22.35249812119614,9.0,222.0
49,12,161,177,138,39,3895,95.88600770218228,21.866612713999004,3.0,179.0
